Fine Structure,
X,Y
-13.543307086614174,143.18234973103597
-3.8425196850393704,375.2865050284555
6.614173228346463,615.4985577297889
10.582677165354337,347.1739299914243
